INSERT INTO Pilot VALUES(1,'A12345678','John','Doe','555-0101','johndoe@mykairways.com','123 Elm St, Springfield');
INSERT INTO Pilot VALUES(2,'B23456789','Jane','Smith','555-0102','janesmith@mykairways.com','456 Oak St, Rivertown');
INSERT INTO Pilot VALUES(3,'C34567890','Mark','Johnson','555-0103','markjohnson@mykairways.com','789 Pine St, Lakeview');
INSERT INTO Pilot VALUES(4,'D45678901','Emily','Davis','555-0104','emilydavis@mykairways.com','101 Maple St, Hilltop');
INSERT INTO Pilot VALUES(5,'E56789012','Chris','Martinez','555-0105','chrismartinez@mykairways.com','202 Cedar St, Greenfield');
INSERT INTO Pilot VALUES(6,'F67890123','Sarah','Brown','555-0106','sarahbrown@mykairways.com','303 Birch St, Coastville');
INSERT INTO Pilot VALUES(7,'G78901234','Robert','Wilson','555-0107','robertwilson@mykairways.com','404 Redwood St, Westfield');
INSERT INTO Pilot VALUES(8,'H89012345','Olivia','Lee','555-0108','oliviale@mykairways.com','505 Spruce St, Eastview');
INSERT INTO Pilot VALUES(9,'I90123456','Michael','Harris','555-0109','michaelharris@mykairways.com','606 Fir St, Mountainview');
INSERT INTO Pilot VALUES(10,'J01234567','Sophia','Clark','555-0110','sophiaclark@mykairways.com','707 Willow St, Seaside');
INSERT INTO Pilot VALUES(12,'L23456789','Ava','Walker','555-0112','avawalker@mykairways.com','909 Elm St, Brookside');
INSERT INTO Pilot VALUES(13,'M34567890','James','Allen','555-0113','jamesallen@mykairways.com','111 Pine St, Plainfield');
INSERT INTO Pilot VALUES(14,'N45678901','Charlotte','Young','555-0114','charlotteyoung@mykairways.com','222 Oak St, Stonehill');
INSERT INTO Pilot VALUES(15,'12','ha','ba','ha','12','12 f');
INSERT INTO Pilot VALUES(16,'I12345678','Kim','Kardashian','Kimk@mykairways.com','123-456','Kim K Mansion');
INSERT INTO Pilot VALUES(17,'K12345678','Tom','Holland','spiderman@mykairways.com','123-456','64 Zoo Lane');
INSERT INTO Pilot VALUES(18,'1','2','3','4','5','6');
INSERT INTO Pilot VALUES(19,'','','','','','');
INSERT INTO Pilot VALUES(20,'d','d','d','d','d','d');
INSERT INTO Pilot VALUES(21,'f','f','f','f','f','f');
INSERT INTO Pilot VALUES(22,'g','f','f','f','ff','f');
INSERT INTO Pilot VALUES(23,'wg','gwr','gw','w','we','ew');

INSERT INTO Destination VALUES(1,'USA','New York','JFK','PST');
INSERT INTO Destination VALUES(2,'USA','Los Angeles','LAX','PST');
INSERT INTO Destination VALUES(3,'China','Paris','CDG','CET');
INSERT INTO Destination VALUES(4,'France','Paris','CDG','CET');
INSERT INTO Destination VALUES(5,'Germany','Berlin','TXL','CET');
INSERT INTO Destination VALUES(6,'Australia','Sydney','SYD','AEST');
INSERT INTO Destination VALUES(7,'Canada','Toronto','YYZ','EST');
INSERT INTO Destination VALUES(8,'France','Paris','CDG','CET');
INSERT INTO Destination VALUES(9,'Brazil','Rio de Janeiro','GIG','BRT');
INSERT INTO Destination VALUES(10,'India','Delhi','DEL','IST');
INSERT INTO Destination VALUES(11,'China','Beijing','PEK','CST');
INSERT INTO Destination VALUES(12,'Italy','Rome','FCO','CET');
INSERT INTO Destination VALUES(13,'Spain','Madrid','MAD','CET');
INSERT INTO Destination VALUES(14,'Mexico','Mexico City','MEX','CST');
INSERT INTO Destination VALUES(15,'South Africa','Cape Town','CPT','SAST');
INSERT INTO Destination VALUES(16,'Zimbabwe','Harare','HAR','CAT');
INSERT INTO Destination VALUES(17,'China','Hong Kong','CFK','WEE');
INSERT INTO Destination VALUES(18,'Uruguay','Montevideo','CIA','IDK');
CREATE TABLE WorkSchedule ( WorkScheduleID INTEGER PRIMARY KEY, PilotID INTEGER NOT NULL, Dayoftheweek VARCHAR(10) NOT NULL, StartTime TIME NOT NULL, EndTime TIME NOT NULL, TotalHours SMALLINT NOT NULL, FOREIGN KEY (PilotID) REFERENCES Pilot(PilotID) );
INSERT INTO WorkSchedule VALUES(1,1,'Monday','08:00','16:00',8);
INSERT INTO WorkSchedule VALUES(2,2,'Monday','09:00','17:00',8);
INSERT INTO WorkSchedule VALUES(3,3,'Tuesday','08:00','16:00',8);
INSERT INTO WorkSchedule VALUES(4,4,'Tuesday','09:00','17:00',8);
INSERT INTO WorkSchedule VALUES(5,5,'Wednesday','08:00','16:00',8);
INSERT INTO WorkSchedule VALUES(6,6,'Wednesday','09:00','17:00',8);
INSERT INTO WorkSchedule VALUES(7,7,'Thursday','08:00','16:00',8);
INSERT INTO WorkSchedule VALUES(8,8,'Thursday','09:00','17:00',8);
INSERT INTO WorkSchedule VALUES(9,9,'Friday','08:00','16:00',8);
INSERT INTO WorkSchedule VALUES(10,10,'Friday','09:00','17:00',8);
INSERT INTO WorkSchedule VALUES(11,11,'Saturday','08:00','16:00',8);
INSERT INTO WorkSchedule VALUES(12,12,'Saturday','09:00','17:00',8);
INSERT INTO WorkSchedule VALUES(13,13,'Sunday','08:00','16:00',8);
INSERT INTO WorkSchedule VALUES(14,14,'Sunday','09:00','17:00',8);


INSERT INTO Flight VALUES(1,'AA123','08:00','2024-12-01','10:00','2024-12-01',150,'Scheduled',1,2,1,2);
INSERT INTO Flight VALUES(2,'BA456','09:00','2024-12-02','11:00','2024-12-02',180,'Scheduled',3,4,3,4);
INSERT INTO Flight VALUES(3,'CX789','10:00','2024-12-03','12:00','2024-12-03',200,'Cancelled',5,6,5,6);
INSERT INTO Flight VALUES(4,'DL123','11:00','2024-12-04','13:00','2024-12-04',220,'Delayed',7,8,7,8);
INSERT INTO Flight VALUES(5,'EK345','12:00','2024-12-05','14:00','2024-12-05',250,'Scheduled',9,10,9,10);
INSERT INTO Flight VALUES(6,'AF567','13:00','2024-12-06','15:00','2024-12-06',160,'Scheduled',11,12,11,12);
INSERT INTO Flight VALUES(7,'LH678','14:00','2024-12-07','16:00','2024-12-07',170,'Scheduled',13,14,13,14);
INSERT INTO Flight VALUES(8,'QR789','15:00','2024-12-08','17:00','2024-12-08',180,'Delayed',15,1,15,1);
INSERT INTO Flight VALUES(9,'UA902','16:00','2024-12-09','18:00','2024-12-09',180,'Cancelled',2,3,7,3);
INSERT INTO Flight VALUES(10,'SV234','17:00','2024-12-10','19:00','2024-12-10',160,'Cancelled',4,5,4,5);
INSERT INTO Flight VALUES(11,'AF890','18:00','2024-12-11','20:00','2024-12-11',200,'Scheduled',6,7,6,7);
INSERT INTO Flight VALUES(12,'BA123','19:00','2024-12-12','21:00','2024-12-12',220,'Scheduled',8,9,8,9);
INSERT INTO Flight VALUES(13,'UA456','20:00','2024-12-13','22:00','2024-12-13',240,'Delayed',10,11,10,11);
INSERT INTO Flight VALUES(14,'EK567','21:00','2024-12-14','23:00','2024-12-14',250,'Scheduled',12,13,12,13);
INSERT INTO Flight VALUES(15,'DL678','22:00','2024-12-15','00:00','2024-12-16',230,'Cancelled',14,15,14,15);
INSERT INTO Flight VALUES(16,'AB111','02:00','2024-12-02','03:00','2024-12-02',160,'Scheduled',3,3,12,NULL);
INSERT INTO Flight VALUES(17,'ZZ111','02:00','2024-12-02','03:00','2024-12-02',160,'Scheduled',3,3,NULL,NULL);
INSERT INTO Flight VALUES(18,'XX111','02:00','2024-12-02','03:00','2024-12-02',160,'Scheduled',3,8,12,NULL);
